,index,npi,entity_code,full_zip,state,country,provider_type,medicare_participation_indicator,number_of_hcpcs,number_of_services,total_beneficiaries,total_submitted_charges,total_allowed_payment,total_medicare_payment,total_medicare_standardized_payment,avg_beneficiary_age,avg_hcc_risk_score,medicare_payment_per_person,submitted_charges_per_person,services_per_person,submitted_charges_per_service,medicare_payment_per_service,percentage_rate,region,subregion,total_pop,percent_black,percent_white,percent_native_amer,percent_hispanic,percent_other,percent_asian,percent_two_or_more_races,majority,payrate_level,ypred_rf
9194,414977,1740248814,I,76904,TX,US,Anesthesiology,Y,4,19.0,18,13003.41,12988.26,10117.51,10367.09,69,0.5123,562.08,722.41,1.06,684.39,532.5,0.7780659073273857,South,West South Central,35697.0,0.04748298176317338,0.628035969409194,0.0028293694147967607,0.29117292769700537,0.0006162982883715719,0.015155335182228197,0.014034792839734432,majority_white,very high,low
40098,188296,1902046576,O,80124,CO,US,Radiation Therapy Center,Y,11,2269.0,114,1321772.03,1301640.62,1020198.89,1018270.8,73,0.9824,8949.11,11594.49,19.9,582.54,449.62,0.7718417902972271,West,Mountain,21384.0,0.021043771043771045,0.7703890759446315,0.0006546950991395433,0.07491582491582492,0.007061354283576507,0.09923307145529367,0.0255331088664422,majority_white,very high,low
43149,195768,1083061261,O,33314,FL,US,Clinical Laboratory,Y,19,98.0,20,67523.1,55340.15,54233.31,54233.31,66,1.2291,2711.67,3376.16,4.9,689.01,553.4,0.8031815778600211,South,South Atlantic,26188.0,0.11245608675729342,0.3526424316480831,0.0029402779899190467,0.4586451809989308,0.006949747976172292,0.03841454101115015,0.0220329922101726,no_majority,very high,low
147142,694967,1285926758,I,71103,LA,US,Pathology,Y,16,153.0,34,51434.0,44546.63,43655.41,44185.01,70,2.8392,1283.98,1512.76,4.5,336.17,285.33,0.8487656025197341,South,West South Central,6720.0,0.86875,0.09375,0.0023809523809523807,0.01949404761904762,0.004464285714285714,0.004166666666666668,0.005654761904761905,majority_black,very high,low
152542,917869,1194757310,I,52339,IA,US,Family Practice,Y,3,21.0,17,1172.41,1172.41,900.68,996.32,47,0.9667,52.98,68.97,1.24,55.83,42.89,0.7682295442720549,Midwest,West North Central,4213.0,0.010443864229765013,0.5219558509375741,0.20246854972703532,0.24092095893662474,0.0,0.007595537621647281,0.01661523854735343,majority_white,very high,low
153997,425636,1891162665,O,75057,TX,US,Clinical Laboratory,Y,60,22629.0,2757,17936649.31,16263589.06,15938302.66,15938303.06,71,1.6822,5781.03,6505.86,8.21,792.64,704.33,0.8885886312731841,South,West South Central,14111.0,0.1179930550634257,0.3626249025582879,0.00035433349868896607,0.4597831478988024,0.0,0.022323010417404858,0.03323648217702502,no_majority,very high,low
189029,78264,1194760439,O,43215,OH,US,Clinical Laboratory,Y,10,358.0,90,14268.0,11836.71,11598.68,11598.68,52,1.1803,128.87,158.53,3.98,39.85,32.4,0.8129156153630502,Midwest,East North Central,14440.0,0.12624653739612188,0.7614265927977839,0.0002770083102493075,0.03095567867036011,0.0042936288088642645,0.045637119113573404,0.03116343490304709,majority_white,very high,low
194694,572022,1649345737,I,11771,NY,US,Oral Surgery (Dentist only),Y,9,26.0,20,28229.78,27440.25,21365.73,23267.41,74,1.8036,1068.29,1411.49,1.3,1085.76,821.76,0.7568507441432416,Northeast,Middle Atlantic,9500.0,0.019789473684210527,0.7871578947368421,0.0,0.08863157894736842,0.03557894736842105,0.06010526315789474,0.008736842105263156,majority_white,very high,low
205065,290297,1215003603,O,94063,CA,US,Clinical Laboratory,Y,6,27852.0,27007,125511590.0,100665395.7,98343875.58,98569627.52,71,0.8759999999999999,3641.42,4647.37,1.03,4506.38,3530.94,0.7835441777129905,West,Pacific,34503.0,0.02251978088861838,0.19192533982552248,0.0012462684404254702,0.6724342810770078,0.005129988696635075,0.08010897603106976,0.017447758165956586,majority_hispanic,very high,low
212377,409096,1659866572,O,77025,TX,US,Clinical Laboratory,Y,12,2953.0,365,2761525.58,2381396.4,2333765.86,2333765.86,71,1.6282,6393.88,7565.82,8.09,935.16,790.3,0.8451002144981036,South,West South Central,28955.0,0.11127611811431533,0.5016404766016233,0.001588672077361423,0.17806941806251078,0.002693835261612848,0.17157658435503367,0.03122085995510275,majority_white,very high,low
213602,346069,1821253584,O,92618,CA,US,Clinical Laboratory,Y,2,3107.0,2710,11813100.0,10847881.82,10616892.92,10612731.3,71,0.8808,3917.67,4359.08,1.15,3802.09,3417.09,0.8987389355884569,West,Pacific,43316.0,0.026318219595530518,0.4201911533844307,0.0016622033428756115,0.08052451749930742,0.0055637639671253115,0.4240696278511405,0.04164742820205005,no_majority,very high,low
2166,659618,1235252032,I,48197,MI,US,Vascular Surgery,Y,110,1801.0,909,1052633.3,578115.24,449696.43,435995.41,74,2.4209,494.72,1158.01,1.98,584.47,249.69,0.4272109100101621,Midwest,East North Central,68102.0,0.24621890693371706,0.5846964846847376,0.001013186103198144,0.06120231417579512,0.0034360224369328358,0.0510557692872456,0.05206895539044375,majority_white,high,low
4032,720351,1558583021,I,37421,TN,US,Plastic and Reconstructive Surgery,Y,27,381.0,251,326883.76,240528.26,185276.85,200319.71,75,1.2919,738.15,1302.33,1.52,857.96,486.29,0.5667973532854614,South,East South Central,50927.0,0.1919806782256956,0.6757712019164687,0.0004516268384157716,0.060007461660808614,0.005262434465018557,0.04573212637697096,0.02079447051662183,majority_white,high,low
7610,338062,1730514027,O,93726,CA,US,Ambulatory Surgical Center,Y,16,835.0,299,10548250.0,5760962.57,4515724.58,4288668.06,64,1.3988,15102.76,35278.43,2.79,12632.63,5408.05,0.4281017780200507,West,Pacific,43209.0,0.08343169247147585,0.2670277025619663,0.003610358952995904,0.5204934157235761,0.001018306371357819,0.10895878173528664,0.014858015691175447,majority_hispanic,high,low
13416,800343,1376961193,I,98118,WA,US,Family Practice,Y,7,16.0,12,1040.34,499.26,480.32,480.32,65,1.7153,40.03,86.7,1.33,65.02,30.02,0.4616952150258571,West,Pacific,48436.0,0.2370550829961185,0.30221322982905274,0.002477496077297877,0.07911470806837889,0.0013213312412255348,0.3012841688000661,0.06926666116111982,no_majority,high,low
13605,523641,1023264157,I,10507,NY,US,Interventional Radiology,Y,131,2332.0,865,3200991.71,1811890.53,1418710.85,1200087.03,75,2.781,1640.13,3700.57,2.7,1372.64,608.37,0.4432097857573021,Northeast,Middle Atlantic,7068.0,0.07781550650820597,0.5301358234295416,0.0009903791737408036,0.33305036785512165,0.0,0.0321165817770232,0.025891341256366725,majority_white,high,low
13814,557535,1457787780,O,12533,NY,US,Independent Diagnostic Testing Facility (IDTF),Y,36,11204.0,1215,1671900.03,995533.76,769008.51,652240.35,72,1.3525,632.93,1376.05,9.22,149.22,68.64,0.4599608207435704,Northeast,Middle Atlantic,25406.0,0.0262930016531528,0.8302763126820436,0.0013776273321262696,0.07718649137998898,0.0023222860741557113,0.04140754152562387,0.021136739352908763,majority_white,high,low
17768,1108622,1043280001,I,57078,SD,US,Certified Registered Nurse Anesthetist (CRNA),Y,1,313.0,17,124746.0,74429.19,56565.04,59927.06,59,1.4658,3327.36,7338.0,18.41,398.55,180.72,0.4534417135619579,Midwest,West North Central,19107.0,0.01810854660595593,0.875176636834668,0.03626943005181347,0.044800334955775366,0.0,0.00240749463547391,0.02245250431778929,majority_white,high,low
18152,22584,1952505877,I,20912,MD,US,Cardiology,Y,65,2018.0,401,1131638.95,692168.88,514439.36,454394.08,74,1.9518,1282.89,2822.04,5.03,560.77,254.93,0.4545967245118242,South,South Atlantic,26239.0,0.3694881664697587,0.355501352947902,0.0008765577956477,0.19730172643774527,0.0005716681275963263,0.042836998361218036,0.03342352986013186,no_majority,high,low
19851,303965,1366446312,I,92835,CA,US,Cardiology,Y,16,212.0,35,244815.0,152405.48,118657.2,122059.98,72,0.6963,3390.21,6994.71,6.06,1154.79,559.7,0.4846810857177869,West,Pacific,23867.0,0.01918967612184188,0.4768927808270834,0.0009217748355469897,0.1904303012527758,0.001885448527255206,0.263250513260988,0.04470607952402901,no_majority,high,low
25309,331069,1669409710,I,91706,CA,US,Optometry,Y,6,1828.0,683,2121505.0,1950339.64,1528227.33,1477970.33,74,1.7294,2237.52,3106.16,2.68,1160.56,836.01,0.7203505671681188,West,Pacific,77342.0,0.017920405471800575,0.04028858834785757,0.0016937756975511364,0.7442010809133459,0.001551550257298751,0.18594036875177786,0.0017584236249385847,majority_hispanic,high,low
27099,38997,1336119171,I,60014,IL,US,Anesthesiology,Y,43,1575.0,205,625670.0,354693.82,274435.87,269447.69,74,0.9918,1338.71,3052.05,7.68,397.25,174.24,0.4386271836591174,Midwest,East North Central,48443.0,0.013190760274962328,0.8223066284086452,0.002270709906488037,0.12334083355696385,0.0017133538385318827,0.02367731147947072,0.013211403092294035,majority_white,high,low
27210,295049,1265453724,I,95124,CA,US,Vascular Surgery,Y,69,969.0,381,910240.8,567686.86,434475.57,364249.06,77,3.2009,1140.36,2389.08,2.54,939.36,448.38,0.4773193752686102,West,Pacific,51170.0,0.014754739104944303,0.5635919484072699,0.0004494821184287669,0.16882939222200508,0.0008012507328512801,0.2069767441860465,0.04459644322845417,majority_white,high,low
30098,1023953,1790792984,O,36092,AL,US,Independent Diagnostic Testing Facility (IDTF),Y,2,23.0,20,20330.0,13520.53,10343.46,11265.86,66,0.7008,517.17,1016.5,1.15,883.91,449.72,0.5087781603541564,South,East South Central,19843.0,0.22365569722320214,0.7406138184750289,0.0,0.007357758403467219,0.0061986594768936145,0.004031648440256009,0.018142417981152043,majority_white,high,low
32588,1005912,1740312974,I,85375,AZ,US,Peripheral Vascular Disease,Y,30,1756.0,202,1786453.0,1420379.32,1182359.05,1142634.58,76,1.1973,5853.26,8843.83,8.69,1017.34,673.33,0.6618472750192701,West,Mountain,28759.0,0.014499808755520009,0.956396258562537,0.0025383358253068602,0.009110191592197224,0.0010431517090302169,0.012830766021071664,0.003581487534337077,majority_white,high,low
35448,599262,1992769608,I,10021,NY,US,Orthopedic Surgery,Y,46,1229.0,462,585619.75,467100.19,365782.69,338676.89,72,1.0829,791.74,1267.58,2.66,476.5,297.63,0.6246078449369237,Northeast,Middle Atlantic,46215.0,0.005842259006815969,0.7928810992102131,0.0033755274261603376,0.07928161852212487,0.0010602618197554903,0.09375743806123553,0.022936276100833063,majority_white,high,low
38995,521560,1003012568,I,11042,NY,US,Neurosurgery,Y,14,29.0,12,15621.54,13203.56,10248.08,9598.85,65,1.5962,854.01,1301.8,2.42,538.67,353.38,0.6560223895979526,Northeast,Middle Atlantic,522.0,0.29310344827586204,0.5651340996168582,0.0,0.07088122605363985,0.0,0.05555555555555555,0.01532567049808429,majority_white,high,low
40010,281628,1114361060,I,92868,CA,US,Neurology,Y,5,20.0,16,5645.0,3676.71,2754.44,2777.09,58,1.837,172.15,352.81,1.25,282.25,137.72,0.4879433126660762,West,Pacific,27693.0,0.03769905752356191,0.3044090564402557,0.001516628750947893,0.5021485573971762,0.0,0.13259668508287292,0.019318961470407684,majority_hispanic,high,low
44838,583051,1780769653,I,11021,NY,US,Plastic and Reconstructive Surgery,Y,28,292.0,85,234776.78,139321.02,108108.87,82866.15,69,0.8512,1271.87,2762.08,3.44,804.03,370.24,0.4604751372772043,Northeast,Middle Atlantic,18185.0,0.021831179543579875,0.687654660434424,0.002694528457519934,0.0638988177069013,0.004564201264778664,0.2061039318119329,0.013252680780863349,majority_white,high,low
53357,536142,1184674194,I,11229,NY,US,Diagnostic Radiology,Y,44,390.0,127,92962.85,60577.9,46651.83,41015.08,74,1.443,367.34,731.99,3.07,238.37,119.62,0.5018330440600735,Northeast,Middle Atlantic,83615.0,0.05103151348442265,0.5940560904143993,0.00040662560545356687,0.10810261316749388,0.0012557555462536624,0.22059439095856007,0.02364408299946182,majority_white,high,low
54213,1007630,1821051590,I,85033,AZ,US,Physician Assistant,Y,15,1179.0,147,443411.0,249073.7,201706.24,207016.19,64,1.4936,1372.15,3016.4,8.02,376.09,171.08,0.4548967887580597,West,Mountain,65759.0,0.042153925698383485,0.11467631807053028,0.009489195395307107,0.8208458157818702,0.0009428367219696164,0.005261637190346569,0.005869918946456,majority_hispanic,high,low
56070,283700,1134438427,O,94080,CA,US,Clinical Laboratory,Y,12,34741.0,14283,53344152.4,27102893.56,25969902.08,25979261.02,71,1.1144,1818.24,3734.8,2.43,1535.48,747.53,0.4868369054824461,West,Pacific,67597.0,0.016613163306063883,0.20222790952261194,0.0006213293489356036,0.3365238102282645,0.0016716718197553144,0.3941595041200053,0.03807861295619628,no_majority,high,low
57921,325632,1609152875,I,92324,CA,US,Neurosurgery,Y,17,64.0,33,43645.0,33631.4,26366.98,27818.27,76,1.7097,799.0,1322.58,1.94,681.95,411.98,0.6041237255126589,West,Pacific,59409.0,0.06517531013819455,0.18330555976367216,0.0038209698867175007,0.6865626420239358,0.0004039791950714538,0.04686158662828864,0.011850056388762643,majority_hispanic,high,low
59079,466204,1417145392,I,42642,KY,US,Diagnostic Radiology,Y,50,5224.0,1733,887059.12,480853.86,408094.59,460796.69,69,0.912,235.48,511.86,3.01,169.8,78.12,0.4600534291333367,South,East South Central,12423.0,0.0,0.9313370361426386,0.0010464461080254368,0.05143685100217338,0.0,0.004427271995492232,0.011752394751670291,majority_white,high,low
60000,1114317,1639339286,I,99508,AK,US,Physician Assistant,Y,3,107.0,76,17408.67,10564.46,8117.4,6455.09,51,1.3289,106.81,229.06,1.41,162.7,75.86,0.4662849028673644,West,Pacific,35605.0,0.06962505266114309,0.410167111360764,0.1304592051678135,0.09377896362870383,0.0051116416233675036,0.12200533632916725,0.09369470579974724,no_majority,high,low
60722,174739,1174559835,I,80031,CO,US,Nurse Practitioner,Y,6,228.0,43,689235.0,631881.07,493257.6,483961.6,73,1.1602,11471.11,16028.72,5.3,3022.96,2163.41,0.7156595355720472,West,Mountain,35509.0,0.015207412205356388,0.6642822946295306,0.0014925793460812751,0.2300261905432425,0.0012954462249007293,0.06696893745247684,0.019685150243600208,majority_white,high,low
60885,290437,1215047469,I,91942,CA,US,Oral Surgery (Dentist only),Y,12,32.0,17,24948.59,23309.27,18060.91,18670.54,73,2.2062,1062.41,1467.56,1.88,779.64,564.4,0.7239250795335528,West,Pacific,40205.0,0.04840194005720681,0.5867429424200971,0.0005720681507275214,0.2476806367367243,0.0002984703395100112,0.06897152095510509,0.045466981718691714,majority_white,high,low
62054,501579,1104098664,I,64804,MO,US,Pathology,Y,27,1461.0,616,461283.0,274262.49,212647.44,234762.21,72,1.6344,345.21,748.84,2.37,315.73,145.55,0.4609912786727454,Midwest,West North Central,35602.0,0.027133307117577662,0.8767204089657884,0.016909162406606372,0.03193640806696253,0.0009269142183023426,0.018903432391438685,0.026403011066794,majority_white,high,low
62370,912864,1699287300,O,39157,MS,US,Clinical Laboratory,Y,29,37161.0,4639,29658441.3,21107929.87,20685739.96,20685739.96,69,1.5761,4459.09,6393.28,8.01,798.11,556.65,0.6974655124576624,South,East South Central,24522.0,0.3704020879210505,0.5293613897724492,0.0027730201451757605,0.04644808743169399,0.004037191093711769,0.03551912568306012,0.011173639996737624,majority_white,high,low
63640,278171,1073708582,I,92243,CA,US,Oral Surgery (Dentist only),Y,6,1469.0,352,3472300.0,2095342.63,1612095.24,1434452.24,71,1.5278,4579.82,9864.49,4.17,2363.72,1097.41,0.4642730294041413,West,Pacific,50484.0,0.014004437049362174,0.10666745899690992,0.0013865779256794233,0.8450202044212027,0.00037635686554155764,0.02145234133586879,0.008735440931780365,majority_hispanic,high,low
65223,1025437,1891214631,I,35233,AL,US,Nurse Practitioner,Y,14,264.0,122,36610.0,20709.93,16126.86,17110.02,70,1.8366,132.19,300.08,2.16,138.67,61.09,0.4405042338158973,South,East South Central,1715.0,0.23965014577259475,0.5551020408163265,0.010495626822157435,0.028571428571428567,0.0,0.1282798833819242,0.037900874635568516,majority_white,high,low
65419,444989,1447637434,I,55082,MN,US,Physician Assistant,Y,24,626.0,114,105752.94,79118.73,57531.99,58981.42,60,2.2597,504.67,927.66,5.49,168.93,91.9,0.5440226058963467,Midwest,West North Central,35867.0,0.0210778710235035,0.9286530794323472,0.002760197395934982,0.01873588535422533,0.0011431120528619626,0.011988736164162043,0.0156411185769649,majority_white,high,low
68044,1051521,1073518056,I,19713,DE,US,Orthopedic Surgery,Y,65,953.0,199,589104.6,463859.67,361190.77,362223.11,73,1.1896,1815.03,2960.32,4.79,618.16,379.0,0.6131182306164304,South,South Atlantic,30212.0,0.17790943995763273,0.6169402886270356,0.004071229974844433,0.10952601615252218,0.0010922812127631405,0.06086985303852774,0.02959089103667417,majority_white,high,low
69826,181597,1538559919,O,80301,CO,US,Clinical Laboratory,Y,5,13167.0,3492,19272750.0,11665208.6,11418996.91,11426766.52,74,1.9013,3270.04,5519.12,3.77,1463.72,867.24,0.5924944239924246,West,Mountain,25690.0,0.0030751265083690162,0.8217983651226158,0.0017516543402101984,0.10879719735305568,0.001557026080186843,0.038497469832619695,0.023433242506811988,majority_white,high,low
70588,755809,1689975021,O,1581,MA,US,Clinical Laboratory,Y,16,146.0,108,88542.25,57877.71,56720.3,56784.61,43,1.0592,525.19,819.84,1.35,606.45,388.5,0.6406015207429222,Northeast,New England,18982.0,0.026920240227584026,0.6616268043409546,0.005268148772521336,0.052734169212938574,0.002634074386260668,0.2385417764197661,0.012274786639974713,majority_white,high,low
72492,1018043,1417920786,I,36207,AL,US,General Surgery,Y,88,573.0,214,562607.5,335495.82,259591.44,297162.48,69,4.1452,1213.04,2629.01,2.68,981.86,453.04,0.4614077131925899,South,East South Central,19746.0,0.2484553833687836,0.6909247442520005,0.002329585738883825,0.02810695837131571,0.0,0.014990377798035043,0.015192950470981462,majority_white,high,low
75116,1049397,1922077106,I,54022,WI,US,Ophthalmology,Y,65,4838.0,913,1510971.05,947478.8,709206.49,725039.79,75,1.0852,776.79,1654.95,5.3,312.31,146.59,0.4693713291197736,Midwest,East North Central,23061.0,0.007371753176358355,0.9385542691123542,0.0023416157148432428,0.017822297385195786,0.0009539915875287283,0.012185074367980574,0.020770998655739125,majority_white,high,low
78835,186669,1811103831,I,81003,CO,US,Neurosurgery,Y,66,763.0,221,695446.94,380674.71,296994.61,292482.28,71,1.2797,1343.87,3146.82,3.45,911.46,389.25,0.4270557434618952,West,Mountain,14942.0,0.04162762682371838,0.4505420961049391,0.00863338241199304,0.4654664703520278,0.0,0.006224066390041493,0.02750635791728015,no_majority,high,low
79867,620215,1114929395,I,7090,NJ,US,Vascular Surgery,Y,130,1395.0,481,1059460.93,902121.73,700699.9,616428.72,74,3.397,1456.76,2202.62,2.9,759.47,502.29,0.6613739876184014,Northeast,Middle Atlantic,30068.0,0.027371291738725555,0.8026473327125183,0.0,0.07652653984302248,0.006751363575894639,0.07140481575096448,0.01529865637887455,majority_white,high,low
79973,358817,1962661611,I,92802,CA,US,Oral Surgery (Dentist only),Y,31,624.0,187,1297372.84,884896.34,679524.03,666051.17,68,1.4991,3633.82,6937.82,3.34,2079.12,1088.98,0.5237692736037236,West,Pacific,42248.0,0.01865177049801174,0.18445843590229125,0.0010888089377011929,0.6071766710850218,0.0,0.16448115887142584,0.016758189736792273,majority_hispanic,high,low
80094,270302,1922107648,I,74135,OK,US,Ophthalmology,Y,14,696.0,388,432142.71,366897.91,285129.69,306988.78,72,1.1081,734.87,1113.77,1.79,620.89,409.67,0.6598044659830082,South,West South Central,20849.0,0.07487169648424385,0.7173485538874766,0.045709626360976544,0.07161014916782579,0.0016787375893328215,0.02110412969446976,0.06767710681567461,majority_white,high,low
80179,367005,1073566022,I,76028,TX,US,Optometry,Y,9,272.0,113,188744.0,135286.51,101556.21,109463.3,70,1.3465,898.73,1670.3,2.41,693.91,373.37,0.5380632496927055,South,West South Central,69413.0,0.0398196303286128,0.7930935127425698,0.002766052468557763,0.12775704839151167,0.00028813046547476696,0.012173512166308905,0.022963998098338927,majority_white,high,low
82968,175029,1184897019,I,80045,CO,US,Neurosurgery,Y,28,128.0,96,57751.07,38462.9,29796.33,32387.34,73,1.5931,310.38,601.57,1.33,451.18,232.78,0.5159442067480309,West,Mountain,889.0,0.015748031496062992,0.6636670416197975,0.008998875140607425,0.08211473565804274,0.0,0.14173228346456693,0.08773903262092239,majority_white,high,low
85362,539454,1225281439,I,11201,NY,US,Anesthesiology,Y,48,216.0,129,113822.01,68128.99,53369.27,48041.62,75,2.8154,413.72,882.34,1.67,526.95,247.08,0.46888356654394,Northeast,Middle Atlantic,62823.0,0.1257501233624628,0.5888130143418812,0.0005093675883036467,0.11567419575633127,0.0026900975757286343,0.11791859669229422,0.0477213759291979,majority_white,high,low
91449,545441,1306802566,I,14203,NY,US,Cardiac Surgery,Y,38,429.0,238,355344.66,201098.92,156244.72,167542.76,77,1.9526,656.49,1493.04,1.8,828.31,364.21,0.43969907976104106,Northeast,Middle Atlantic,1666.0,0.5150060024009604,0.30612244897959184,0.001800720288115246,0.1446578631452581,0.0,0.028811524609843937,0.003601440576230492,majority_black,high,low
92563,283722,1134470636,I,95953,CA,US,Optometry,Y,11,1792.0,303,1517444.0,941058.62,723139.99,682798.75,66,1.3539,2386.6,5008.07,5.91,846.79,403.54,0.4765513521421548,West,Pacific,10942.0,0.016541765673551454,0.3891427526960337,0.005209285322610125,0.4674648144763298,0.0,0.0965088649241455,0.024766953025041127,no_majority,high,low
95336,411795,1699819979,O,75701,TX,US,Ambulatory Surgical Center,Y,13,32.0,29,66284.0,40416.23,31686.33,35895.29,68,1.5462,1092.63,2285.66,1.1,2071.38,990.2,0.4780388932472392,South,West South Central,35549.0,0.20855720273425413,0.5789754986075558,0.002137894174238375,0.18414020084953164,0.000872035781597232,0.013277448029480436,0.011730287771807927,majority_white,high,low
95445,753414,1629015375,I,2132,MA,US,Neurosurgery,Y,113,4288.0,737,2456181.41,1406857.55,1084520.97,1159939.19,72,1.4082,1471.53,3332.67,5.82,572.8,252.92,0.4415475850377029,Northeast,New England,28487.0,0.06711833467897638,0.7679643346087689,0.0,0.07473584442026188,0.0014041492610664516,0.06904903991294274,0.01972829711798364,majority_white,high,low
96925,827669,1013382431,O,30043,GA,US,Clinical Laboratory,Y,71,32018.0,3307,24986614.6,11630691.99,11398057.46,11398365.12,67,1.6025,3446.65,7555.67,9.68,780.39,355.99,0.4561665372627151,South,South Atlantic,90675.0,0.2385663082437276,0.4256851392335264,0.0019189412737799839,0.17959746346843122,0.004356217259443066,0.1280507306313758,0.021582575130962227,no_majority,high,low
97477,659521,1235170721,I,48532,MI,US,Diagnostic Radiology,Y,84,42748.0,2704,2282696.5,1294131.34,988194.56,987136.03,73,1.3499,365.46,844.19,15.81,53.4,23.12,0.4329066785707168,Midwest,East North Central,20126.0,0.31874192586703765,0.5396005167445096,0.008645533141210375,0.05281725131670476,0.0,0.016197952896750467,0.06399682003378714,majority_white,high,low
98337,978135,1851512800,I,46032,IN,US,Neurology,Y,27,1964.0,377,696689.5,493159.53,382906.61,396311.27,68,1.3004,1015.67,1847.98,5.21,354.73,194.96,0.5496086994277939,Midwest,East North Central,48853.0,0.02742922645487483,0.8153235215851636,0.003909688248418725,0.04024317851513725,0.0039301578203999755,0.0890631076904182,0.01969172824596237,majority_white,high,low
99515,552543,1396741260,I,10021,NY,US,Vascular Surgery,Y,6,68.0,38,83075.71,62267.77,48329.69,41485.86,72,1.0270000000000001,1271.83,2186.2,1.79,1221.7,710.73,0.5817547632153851,Northeast,Middle Atlantic,46215.0,0.005842259006815969,0.7928810992102131,0.0033755274261603376,0.07928161852212487,0.0010602618197554903,0.09375743806123553,0.022936276100833063,majority_white,high,low
100184,968824,1457310492,O,46060,IN,US,Pharmacy,Y,11,3009.0,551,8350195.5,5193113.76,4071466.52,4075849.7,64,3.7598,7389.23,15154.62,5.46,2775.07,1353.1,0.4875893648238535,Midwest,East North Central,40387.0,0.039814791888478966,0.8442815757545745,0.000767573724218189,0.05392824423700696,0.0004704484116175997,0.026394631936019014,0.03379800430831703,majority_white,high,low
101332,716394,1407824436,O,37203,TN,US,Ambulatory Surgical Center,Y,24,84.0,58,132524.86,76155.34,59266.31,64439.26,69,0.8925,1021.83,2284.91,1.45,1577.68,705.55,0.4472089991266545,South,East South Central,14232.0,0.2947582911748173,0.5862844294547499,0.0002810567734682406,0.047217537942664416,0.0,0.05874086565486227,0.012717818999437887,majority_white,high,low
106235,556392,1447354592,I,10029,NY,US,General Surgery,Y,14,75.0,39,42021.82,39898.01,30598.54,31929.0,70,1.7532,784.58,1077.48,1.92,560.29,407.98,0.7281583710557992,Northeast,Middle Atlantic,79597.0,0.25827606568086736,0.15465406987700542,0.0005402213651268264,0.4789376484038343,0.0027639232634395767,0.09290551151425304,0.011708984006934934,no_majority,high,low
106350,571468,1639393754,I,11204,NY,US,Oral Surgery (Dentist only),Y,5,563.0,130,401900.0,254102.28,199025.38,174915.07,81,2.2977,1530.96,3091.54,4.33,713.85,353.51,0.4952111968151282,Northeast,Middle Atlantic,76978.0,0.011055106653849152,0.5439476213983216,0.0019615994180155367,0.1090701239315129,0.0028969315908441372,0.3166619034009717,0.014237834186390916,majority_white,high,low
106595,210553,1295704252,I,33948,FL,US,Vascular Surgery,Y,12,1129.0,221,691400.0,394509.24,304713.07,311362.3,74,1.1891,1378.79,3128.51,5.11,612.4,269.9,0.4407189326005207,South,South Atlantic,16361.0,0.07169488417578387,0.8019680948597274,0.0,0.08929772018825255,0.0,0.014363425218507428,0.0207811258480533,majority_white,high,low
106681,369058,1104116136,I,75231,TX,US,Vascular Surgery,Y,23,49.0,27,28297.81,16255.55,12744.39,12745.43,68,3.3533,472.01,1048.07,1.81,577.51,260.09,0.4503666538152599,South,West South Central,41072.0,0.2580833657966498,0.2849629918192442,0.0003408648227502922,0.3399152707440592,0.0018260615504479933,0.09015874561745227,0.024712699649396184,no_majority,high,low
108288,234423,1649208745,I,34748,FL,US,Diagnostic Radiology,Y,108,5840.0,4676,931513.05,476959.93,411563.57,423980.02,75,1.2828,88.02,199.21,1.25,159.51,70.47,0.4418226561613925,South,South Atlantic,39230.0,0.1672699464695386,0.6954881468264084,0.0014529696660718838,0.1050216670915116,0.003033392811623757,0.01386693856742289,0.01386693856742289,majority_white,high,low
113298,647265,1912900416,I,7013,NJ,US,Vascular Surgery,Y,95,1947.0,1080,850541.93,722782.24,556179.34,490020.64,74,3.424,514.98,787.54,1.8,436.85,285.66,0.6539117242579681,Northeast,Middle Atlantic,26950.0,0.0437847866419295,0.5778107606679035,0.00040816326530612246,0.2412987012987013,0.0037105751391465678,0.12656771799628946,0.006419294990723562,majority_white,high,low
113306,169514,1962641563,O,19104,PA,US,Clinical Laboratory,Y,1,61.0,61,323235.0,187231.18,183486.63,183486.63,73,1.6527,3007.98,5298.93,1.0,5298.93,3007.98,0.5676570606524665,Northeast,Middle Atlantic,54311.0,0.4188101857818858,0.34582312975272045,0.0036456703061994813,0.05092890942902911,0.005376443077829537,0.14061608145679513,0.03435768076448602,no_majority,high,low
115163,666385,1407175102,O,48302,MI,US,Independent Diagnostic Testing Facility (IDTF),Y,1,33.0,14,82500.0,52520.82,41176.41,41176.41,71,1.1728,2941.17,5892.86,2.36,2500.0,1247.77,0.4991080000000001,Midwest,East North Central,16019.0,0.07478619139771521,0.7553530182907797,0.0023097571633685,0.03614457831325301,0.008489918222111243,0.100817778887571,0.02209875772520133,majority_white,high,low
115546,700471,1639577091,O,71203,LA,US,Clinical Laboratory,Y,155,36407.0,4178,25589411.52,12280424.39,12034474.72,12034839.19,68,1.5065,2880.44,6124.8,8.71,702.87,330.55,0.4702911870636094,South,West South Central,39100.0,0.4690281329923274,0.4608695652173913,0.003017902813299233,0.03242966751918159,0.0002301790281329924,0.018593350383631715,0.015831202046035806,no_majority,high,low
115561,446274,1497808422,I,55433,MN,US,Neurosurgery,Y,60,252.0,79,183293.0,129772.76,94402.28,113592.28,65,1.6112,1194.97,2320.16,3.19,727.35,374.61,0.5150348349364133,Midwest,West North Central,34606.0,0.07166387331676588,0.8169970525342426,0.0015026296018031554,0.044558747038085884,0.0013581459862451598,0.03213315610009825,0.031006183898745883,majority_white,high,low
117033,228255,1558360206,I,32792,FL,US,Physician Assistant,Y,10,89.0,24,27275.0,14832.71,12399.65,11126.99,66,0.7794,516.65,1136.46,3.71,306.46,139.32,0.4546159486709441,South,South Atlantic,50991.0,0.08693691043517482,0.5787688023376675,0.0017257947480928007,0.2623992469259281,0.0018826851797376007,0.03837932184110922,0.028671726383087213,majority_white,high,low
118928,901013,1760723092,I,89113,NV,US,Nurse Practitioner,Y,28,249.0,75,210324.0,165710.61,129998.81,129913.7,72,1.6306,1733.32,2804.32,3.32,844.67,522.08,0.6180883303855005,West,Mountain,30626.0,0.0965519493241037,0.43636126167308825,0.000555083915627245,0.17230457780970418,0.0015346437667341476,0.22232743420623,0.06549990204401489,no_majority,high,low
119262,330995,1659807717,O,91335,CA,US,Ambulatory Surgical Center,Y,36,173.0,81,1486225.0,1052866.0,825554.05,753217.75,74,2.1009,10192.03,18348.46,2.14,8590.9,4771.99,0.5554704368450268,West,Pacific,80524.0,0.040869802791714274,0.2891932839898664,0.0025334061894590433,0.510021856837713,0.005836769161988972,0.13116586359346286,0.01978292186180517,majority_hispanic,high,low
120232,431812,1972952166,I,76051,TX,US,Nurse Practitioner,Y,6,34.0,12,132926.0,107665.79,83582.14,83534.72,69,1.6145,6965.18,11077.17,2.83,3909.59,2458.3,0.6287869942674872,South,West South Central,52454.0,0.032142448621649444,0.6483776261104968,0.004804209402524118,0.2294772562626301,0.0008769588591909102,0.058965951119075766,0.02535554962443284,majority_white,high,low
120390,915518,1992712244,I,39150,MS,US,Nurse Practitioner,Y,1,11.0,11,535.04,446.16,249.28,289.51,53,1.6061,22.66,48.64,1.0,48.64,22.66,0.4659090909090909,South,East South Central,5730.0,0.862652705061082,0.1280977312390925,0.00034904013961605586,0.0008726003490401396,0.0,0.008027923211169284,0.0,majority_black,high,low
122053,283533,1134323660,I,92270,CA,US,Oral Surgery (Dentist only),Y,8,259.0,110,523003.68,474025.11,364155.07,367652.92,73,0.9264,3310.5,4754.58,2.35,2019.32,1406.0,0.69627630535984,West,Pacific,18075.0,0.02240663900414937,0.8102351313969571,0.0038174273858921155,0.0982572614107884,0.0,0.049737206085753806,0.014273858921161824,majority_white,high,low
122529,587178,1831483866,I,11432,NY,US,Ophthalmology,Y,3,14.0,14,19500.0,10986.05,8613.04,7664.71,71,1.5776,615.22,1392.86,1.0,1392.86,615.22,0.4416943589743591,Northeast,Middle Atlantic,62053.0,0.14719675116432726,0.1293571624256684,0.0041416208724799775,0.2443395162200055,0.02675132547983176,0.4128567514866324,0.035002336712165405,no_majority,high,low
124482,703668,1841482445,I,70791,LA,US,Internal Medicine,Y,10,90.0,15,91933.6,74884.4,58009.86,58293.78,70,1.5788,3867.32,6128.91,6.0,1021.48,644.55,0.6309973720163248,South,West South Central,26719.0,0.4402859388450167,0.51061042703694,0.0,0.019012687600583854,0.003143830233167409,0.011751936823982932,0.015195179460309145,majority_white,high,low
125598,256871,1962951079,O,33186,FL,US,Clinical Laboratory,Y,26,938.0,138,519204.6,255499.91,250389.25,252531.8,69,1.7094,1814.41,3762.35,6.8,553.52,266.94,0.4822554538230209,South,South Atlantic,70614.0,0.04390064293199649,0.22198147676098226,0.0,0.6917041946356247,0.005027331690599598,0.027968957996997758,0.009417395983799249,majority_hispanic,high,low
126430,278247,1073760286,I,91602,CA,US,Oral Surgery (Dentist only),Y,15,109.0,47,96380.0,66176.26,50514.75,43170.58,73,1.0642,1074.78,2050.64,2.32,884.22,463.44,0.5241206681884208,West,Pacific,19358.0,0.06638082446533733,0.6451596239280918,0.001963012707924373,0.15301167475978925,0.000671556979026759,0.08280814133691497,0.04747391259427627,majority_white,high,low
128914,392490,1437107406,I,77083,TX,US,Optometry,Y,3,39.0,12,43139.0,40132.96,30808.66,32571.82,66,1.2977,2567.39,3594.92,3.25,1106.13,789.97,0.7141718630473586,South,West South Central,79996.0,0.2984899244962248,0.08437921896094805,0.0033376668833441678,0.3483299164958248,0.0005125256262813138,0.2491999599979999,0.01575078753937697,no_majority,high,low
130109,531347,1124103007,I,11021,NY,US,Plastic and Reconstructive Surgery,Y,41,327.0,82,284660.1,183764.88,143208.32,99975.74,76,1.3504,1746.44,3471.46,3.99,870.52,437.95,0.5030853287833456,Northeast,Middle Atlantic,18185.0,0.021831179543579875,0.687654660434424,0.002694528457519934,0.0638988177069013,0.004564201264778664,0.2061039318119329,0.013252680780863349,majority_white,high,low
130777,663350,1326236597,I,48084,MI,US,Nurse Practitioner,Y,8,33.0,29,49610.0,44812.49,35133.0,35106.17,77,2.3877,1211.48,1710.69,1.14,1503.33,1064.64,0.7081838339044547,Midwest,East North Central,15725.0,0.04718600953895072,0.5491255961844197,0.0025437201907790143,0.01888712241653418,0.010302066772655008,0.344610492845787,0.026391096979332274,majority_white,high,low
131559,426500,1902320468,I,78681,TX,US,Physician Assistant,Y,40,206.0,89,110964.82,77003.9,59312.48,59615.57,70,1.1503,666.43,1246.8,2.31,538.66,287.92,0.5345160745540793,South,West South Central,56959.0,0.05653189136045225,0.5891430678207131,0.0013518495760108148,0.22974420196983794,0.0020014396320160114,0.09420811460875368,0.026826313664214608,majority_white,high,low
131850,337121,1720359698,O,92618,CA,US,Clinical Laboratory,Y,3,5033.0,5000,16533588.44,10172871.67,9955292.82,9963084.5,71,0.8165,1991.06,3306.72,1.01,3285.04,1978.0,0.6021253556738467,West,Pacific,43316.0,0.026318219595530518,0.4201911533844307,0.0016622033428756115,0.08052451749930742,0.0055637639671253115,0.4240696278511405,0.04164742820205005,no_majority,high,low
132241,696940,1417270067,O,70526,LA,US,Clinical Laboratory,Y,7,695.0,315,46974.82,45074.13,34201.52,36880.64,73,1.1886,108.58,149.13,2.21,67.59,49.21,0.7280819809421302,South,West South Central,17989.0,0.2878425704597254,0.6471176830285175,0.00044471621546500646,0.047028739785424434,0.006448385124242593,0.001389738173328145,0.009172271943965755,majority_white,high,low
134788,1057136,1154487593,I,66207,KS,US,Oral Surgery (Dentist only),Y,10,91.0,49,72720.63,65723.76,50792.58,58861.57,75,2.0421,1036.58,1484.09,1.86,799.13,558.16,0.6984617707519859,Midwest,West North Central,14473.0,0.01361155254612036,0.8877910592137083,0.007462170938989844,0.05527534028881365,0.0,0.025495750708215296,0.010364126304152559,majority_white,high,low
135900,505583,1285037945,O,63303,MO,US,Clinical Laboratory,Y,34,551.0,55,23963.54,18113.4,17751.43,19135.71,56,1.7096,322.75,435.7,10.02,43.49,32.22,0.7407682671258086,Midwest,West North Central,47906.0,0.0687387801110508,0.8122155888615205,0.0015446916878887821,0.04147705924101365,0.0038617292197219545,0.039765373857136896,0.03239677702166743,majority_white,high,low
138593,647353,1912964008,I,7960,NJ,US,Neurosurgery,Y,44,831.0,439,616554.86,359453.38,272758.58,268587.21,74,1.127,621.32,1404.45,1.89,741.94,328.23,0.4423914199622074,Northeast,Middle Atlantic,44907.0,0.06321954261028348,0.6971964281737814,0.00013360945954973608,0.1681697730866012,0.0002226824325828936,0.05164005611597301,0.01941790812122832,majority_white,high,low
142117,276378,1053552893,I,91767,CA,US,Diagnostic Radiology,Y,32,625.0,587,141930.0,87296.8,82641.09,80416.82,67,1.1213,140.79,241.79,1.06,227.09,132.23,0.5822665398435849,West,Pacific,50264.0,0.08347922966735635,0.1442981060003183,0.004098360655737704,0.674319592551329,0.000994747731975171,0.07587935699506605,0.015557854528091676,majority_hispanic,high,low
143668,535095,1174069785,I,12208,NY,US,Certified Registered Nurse Anesthetist (CRNA),Y,20,154.0,129,59632.32,33166.2,26029.04,23575.18,72,1.1722,201.78,462.27,1.19,387.22,169.02,0.4364921572731029,Northeast,Middle Atlantic,21896.0,0.10376324442820606,0.6680215564486665,0.0001370113262696383,0.07736572890025575,0.006256850566313482,0.1149981731823164,0.029457435147972232,majority_white,high,low
148138,335705,1710127774,O,95841,CA,US,Ambulatory Surgical Center,Y,35,1619.0,1166,4516960.03,2833882.1,2208076.41,1697250.83,73,1.3386,1893.72,3873.89,1.39,2789.97,1363.85,0.4888412550331999,West,Pacific,20586.0,0.09773632565821433,0.5604294180511027,0.0073350820946274185,0.19391819683279896,0.0,0.07393374137763528,0.062226756047799474,majority_white,high,low
148654,418706,1790746824,I,77429,TX,US,Podiatry,Y,90,1591.0,359,684724.0,520910.8,415244.99,404502.34,74,1.9122,1156.67,1907.31,4.43,430.37,261.0,0.6064414128904493,South,West South Central,88344.0,0.08430680068821877,0.6134881825590872,0.0010527030698179842,0.1918749434030608,0.0014036040930906456,0.08894774970569591,0.01892601648102871,majority_white,high,low
152056,368232,1093039539,I,75702,TX,US,Diagnostic Radiology,Y,152,29698.0,8463,2168742.0,1090268.49,942853.35,969493.14,75,1.2119,111.41,256.26,3.51,73.03,31.75,0.4347466641951878,South,West South Central,27766.0,0.4065763883886768,0.12011092703306205,0.0029532521789238635,0.4602391413959519,0.0023409925808542823,0.002665130015126413,0.00511416840740474,no_majority,high,low
154438,179191,1407946916,I,80907,CO,US,Diagnostic Radiology,Y,164,3794.0,2155,687980.38,387889.25,300982.74,303363.09,73,1.4599,139.67,319.25,1.76,181.33,79.33,0.4374873888118728,West,Mountain,28897.0,0.031179707236045264,0.7248849361525418,0.005640723950583106,0.1882548361421601,0.002699242135861854,0.01910232896148389,0.02796138007405613,majority_white,high,low
154662,640183,1710063797,I,7057,NJ,US,Physical Medicine and Rehabilitation,Y,9,127.0,27,91279.0,63727.03,49222.87,50921.85,61,0.8383,1823.07,3380.7,4.7,718.73,387.58,0.5392573319164321,Northeast,Middle Atlantic,11580.0,0.035837651122625214,0.7540587219343696,0.000690846286701209,0.1346286701208981,0.0008635578583765112,0.07089810017271157,0.003022452504317789,majority_white,high,low
155281,921454,1508118183,O,52002,IA,US,Independent Diagnostic Testing Facility (IDTF),Y,2,30.0,24,20150.0,17849.82,13394.06,14615.12,63,2.0186,558.09,839.58,1.25,671.67,446.47,0.6647176178660049,Midwest,West North Central,16729.0,0.01434634467093072,0.9320939685575946,0.0007770936696754137,0.011716181481260086,0.0,0.026421184768964073,0.01464522685157511,majority_white,high,low
156556,706312,1013172105,I,38138,TN,US,Ophthalmology,Y,37,3100.0,639,2608295.0,1548788.88,1210989.97,1218091.16,75,1.5123,1895.13,4081.84,4.85,841.39,390.64,0.4642841281373464,South,East South Central,24972.0,0.05005606279032517,0.8420230658337338,0.0,0.029473009770943456,0.0003604036520903412,0.06295050456511292,0.015136953387794331,majority_white,high,low
156995,542886,1275531931,I,11102,NY,US,Critical Care (Intensivists),Y,7,75.0,46,58470.0,40211.05,31426.2,26557.38,70,1.7508,683.18,1271.09,1.63,779.6,419.02,0.53747562852745,Northeast,Middle Atlantic,30800.0,0.08633116883116883,0.4295129870129871,0.0007792207792207793,0.30753246753246755,0.007759740259740259,0.15097402597402598,0.01711038961038961,no_majority,high,low
159011,74560,1114227931,I,44119,OH,US,Nurse Practitioner,Y,14,205.0,177,54918.0,25902.21,25766.79,24427.33,75,1.1938,145.58,310.27,1.16,267.89,125.69,0.4691866054845406,Midwest,East North Central,13108.0,0.5200640830027464,0.3958651205370766,0.0009917607567897467,0.008086664632285627,0.03936527311565456,0.0,0.035627097955447065,majority_black,high,low
161745,1011927,1013991892,I,35406,AL,US,Orthopedic Surgery,Y,130,2335.0,347,764624.0,469252.22,360832.46,411245.98,68,1.1973,1039.86,2203.53,6.73,327.46,154.53,0.4719083628031556,South,East South Central,17190.0,0.07835951134380452,0.8381035485747528,0.0009889470622454915,0.03036649214659685,0.0,0.05008726003490401,0.0020942408376963357,majority_white,high,low
165200,431861,1982021564,O,78738,TX,US,Clinical Laboratory,Y,1,906.0,896,1354470.0,812682.0,634035.14,634035.14,70,1.0596,707.63,1511.69,1.01,1495.0,699.82,0.4681057092442063,South,West South Central,15589.0,0.013855924049008915,0.7885688626595676,0.0,0.10411187375713644,0.0010263647443710306,0.07633587786259542,0.016101096927320546,majority_white,high,low
165494,1039925,1528240421,O,53182,WI,US,Ambulance Service Provider,Y,2,17.0,12,8050.0,6596.42,5171.56,5298.27,71,3.1458,430.96,670.83,1.42,473.53,304.21,0.6424298136645963,Midwest,East North Central,9719.0,0.023047638645951232,0.8973145385327709,0.0023664986109682064,0.05309188188085194,0.0,0.0014404774153719518,0.02273896491408581,majority_white,high,low
166066,392229,1427249614,I,78414,TX,US,Diagnostic Radiology,Y,130,7230.0,2832,955813.5,501869.06,436879.87,454859.66,72,1.2485,154.27,337.5,2.55,132.2,60.43,0.4570764798781352,South,West South Central,39642.0,0.033474597648958174,0.3583825235860956,0.0012108369910700776,0.5355935623833308,0.0004036123303566924,0.05728772514000303,0.013066949195297916,majority_hispanic,high,low
167807,60079,1790004695,O,60010,IL,US,Independent Diagnostic Testing Facility (IDTF),Y,3,50.0,15,100038.0,78905.11,61704.26,61659.92,64,1.8302,4113.62,6669.2,3.33,2000.76,1234.09,0.6168082128791059,Midwest,East North Central,46087.0,0.00989433028836765,0.8102935751947404,0.0002820752055894287,0.03825373749647406,0.0011933951005706595,0.12482912751969102,0.012237724304033677,majority_white,high,low
172437,307578,1407183205,I,90211,CA,US,Oral Surgery (Dentist only),Y,17,169.0,52,406865.0,243128.63,187731.43,160721.64,71,1.0552,3610.22,7824.33,3.25,2407.49,1110.84,0.4614096321875806,West,Pacific,7969.0,0.03726941899861965,0.7116325762329025,0.0,0.094993098255741,0.002886183962856067,0.1306311958840507,0.02258752666583009,majority_white,high,low
173986,997127,1346242880,I,85004,AZ,US,Certified Registered Nurse Anesthetist (CRNA),Y,30,173.0,171,62645.55,52104.44,40880.34,41823.92,74,1.2358,239.07,366.35,1.01,362.11,236.3,0.6525657448932924,West,Mountain,6552.0,0.06456043956043958,0.5804334554334555,0.010225885225885226,0.27258852258852256,0.004884004884004884,0.052655677655677656,0.014652014652014654,majority_white,high,low
174178,427854,1922102250,I,77375,TX,US,Physician Assistant,Y,13,1002.0,145,424599.0,253566.51,195483.84,195229.77,71,1.0567,1348.16,2928.27,6.91,423.75,195.09,0.4603963739905181,South,West South Central,52785.0,0.11264563796533104,0.5287108079946955,0.006630671592308421,0.28428530832622906,0.0004546746234725776,0.05012787723785166,0.017145022260111775,majority_white,high,low
174202,1032375,1225015316,I,54601,WI,US,Anesthesiology,Y,30,64.0,52,23243.75,12903.82,10116.64,10466.96,70,1.4051,194.55,447.0,1.23,363.18,158.07,0.4352413014251143,Midwest,East North Central,50761.0,0.021492878390890643,0.9119402691042336,0.0030929256712830715,0.02263548787454936,0.0002955024526703572,0.023817497685230792,0.016725438821142215,majority_white,high,low
175025,250198,1871559856,I,32224,FL,US,Diagnostic Radiology,Y,61,3686.0,1126,1623771.48,1359107.34,1040565.19,1078657.49,73,2.0026,924.13,1442.07,3.27,440.52,282.3,0.6408322863263985,South,South Atlantic,43751.0,0.053964480811867166,0.7150922264633951,0.003519919544696121,0.12831706703846768,0.00180567301318827,0.0463760828323924,0.050924550295993236,majority_white,high,low
175084,996095,1295833515,I,85260,AZ,US,Neurosurgery,Y,56,349.0,87,341444.0,191047.61,148257.04,156402.12,72,2.2292,1704.1,3924.64,4.01,978.35,424.81,0.4342060191422313,West,Mountain,38934.0,0.020008219037345253,0.8267581034571326,0.002902347562541737,0.0682693789489906,0.0002568449170390918,0.0657522987620075,0.015564801972568963,majority_white,high,low
175959,1010847,1962616151,I,85501,AZ,US,General Practice,Y,9,2077.0,146,1267676.0,931462.87,739457.67,743529.63,64,1.4447,5064.78,8682.71,14.23,610.34,356.02,0.5833175590608326,West,Mountain,13020.0,0.005913978494623657,0.5347926267281106,0.034869431643625194,0.3877112135176651,0.0,0.007526881720430108,0.02918586789554532,majority_white,high,low
179705,62741,1851317614,O,60543,IL,US,Ambulatory Surgical Center,Y,68,894.0,448,664468.35,639784.19,498777.75,487144.01,72,1.3193,1113.34,1483.19,2.0,743.25,557.92,0.7506418477268331,Midwest,East North Central,40027.0,0.03892372648462288,0.7459464861218678,0.0012491568191470757,0.15554500712019387,0.0,0.040497664076748194,0.01783795937742024,majority_white,high,low
181274,24850,1023234143,I,60643,IL,US,Gastroenterology,Y,12,95.0,59,43721.41,26774.43,21719.48,21146.12,70,0.8320000000000001,368.13,741.04,1.61,460.23,228.63,0.4967698891687162,Midwest,East North Central,49870.0,0.7333667535592541,0.20328855023059955,0.0005614597954682174,0.03306597152596751,0.005133346701423703,0.0036294365349909775,0.020774012432324043,majority_black,high,low
184751,1006755,1780611855,I,85259,AZ,US,General Surgery,Y,22,78.0,31,93098.82,59232.73,44403.33,47256.69,56,7.6565,1432.37,3003.19,2.52,1193.57,569.27,0.4769483651887317,West,Mountain,23124.0,0.017081819754367757,0.8059591766130427,0.0010811278325549214,0.07079225047569625,0.0,0.08000345960906417,0.025082165715274173,majority_white,high,low
185825,617965,1053352534,I,7601,NJ,US,Thoracic Surgery,Y,44,225.0,89,217934.04,161087.74,124951.47,120741.47,77,2.6764,1403.95,2448.7,2.53,968.6,555.34,0.5733453571548529,Northeast,Middle Atlantic,44381.0,0.22586241860255515,0.2673891980802596,0.0008787544219373155,0.3809513079921588,0.0034699533584191433,0.1078164079223091,0.01363195962236092,no_majority,high,low
186868,1056468,1093761421,I,67801,KS,US,Certified Registered Nurse Anesthetist (CRNA),Y,13,25.0,25,8150.27,5020.02,3935.61,3928.46,69,0.9139,157.42,326.01,1.0,326.01,157.42,0.4828809352328205,Midwest,West North Central,30842.0,0.02126969716620193,0.3420984371960314,0.003209908566240841,0.6015174113222229,0.0006484663770183516,0.016406199338564294,0.014266260294403737,majority_hispanic,high,low
193285,525294,1043537756,I,10028,NY,US,Otolaryngology,Y,43,400.0,149,194341.32,108938.21,83548.23,77117.28,76,1.2361,560.73,1304.3,2.68,485.85,208.87,0.4299046131826211,Northeast,Middle Atlantic,47793.0,0.00820203795534911,0.8094909296340468,0.0002092356621262528,0.07392295942920511,0.0,0.0942815893540895,0.013893247965183186,majority_white,high,low
195104,345101,1811380587,I,92660,CA,US,Anesthesiology,Y,7,105.0,18,384577.0,259376.74,203064.14,197931.97,79,1.4798,11281.34,21365.39,5.83,3662.64,1933.94,0.5280194603421422,West,Pacific,36906.0,0.006773966292743727,0.8089470546794559,0.0003793421123936487,0.083157210209722,0.002384436135045792,0.08269658050181543,0.015146588630574975,majority_white,high,low
197789,627093,1326057183,I,7657,NJ,US,Oral Surgery (Dentist only),Y,28,323.0,145,182855.0,104380.17,79981.9,100338.79,75,1.5727,551.6,1261.07,2.23,566.11,247.62,0.4374061414782204,Northeast,Middle Atlantic,11248.0,0.011024182076813657,0.364775960170697,0.0037339971550497866,0.2999644381223329,0.0039118065433854906,0.29783072546230444,0.018758890469416784,no_majority,high,low
198679,564659,1558309112,I,10022,NY,US,Anesthesiology,Y,3,148.0,140,61075.0,34443.65,26368.72,23888.1,71,0.6659999999999999,188.35,436.25,1.06,412.67,178.17,0.4317432664756447,Northeast,Middle Atlantic,31125.0,0.011983935742971888,0.7878232931726907,0.001991967871485944,0.05416867469879518,0.0016706827309236948,0.12212048192771086,0.02024096385542169,majority_white,high,low
205338,361894,1003044322,I,75231,TX,US,Vascular Surgery,Y,91,923.0,311,2678326.72,1725760.57,1350917.3,1339275.88,72,2.983,4343.79,8611.98,2.97,2901.76,1463.62,0.5043885385275176,South,West South Central,41072.0,0.2580833657966498,0.2849629918192442,0.0003408648227502922,0.3399152707440592,0.0018260615504479933,0.09015874561745227,0.024712699649396184,no_majority,high,low
205842,558108,1467626804,I,10567,NY,US,Physician Assistant,Y,20,124.0,117,41268.61,28293.27,21947.63,17904.91,73,1.3176,187.59,352.72,1.06,332.81,177.0,0.5318238244515626,Northeast,Middle Atlantic,20563.0,0.04678305694694354,0.6634245975781744,0.0005349413996012255,0.23386665369839035,0.0043767932694645725,0.02796284588824588,0.023051111219180083,majority_white,high,low
206487,1009354,1891814034,I,85259,AZ,US,General Surgery,Y,55,173.0,76,210799.75,136881.91,104782.71,113908.03,64,5.2843,1378.72,2773.68,2.28,1218.5,605.68,0.4970722688238482,West,Mountain,23124.0,0.017081819754367757,0.8059591766130427,0.0010811278325549214,0.07079225047569625,0.0,0.08000345960906417,0.025082165715274173,majority_white,high,low
208616,366067,1053850156,O,75234,TX,US,Clinical Laboratory,Y,3,130.0,108,134330.0,59077.65,57896.15,57896.15,76,1.1886,536.08,1243.8,1.2,1033.31,445.36,0.43099940445172336,South,West South Central,33737.0,0.04718854669946943,0.3724101135252097,0.0022823606129768505,0.4876841450040015,0.0007706672199662093,0.06790763849779173,0.021756528440584517,no_majority,high,low
211693,302964,1346785177,O,90041,CA,US,Independent Diagnostic Testing Facility (IDTF),Y,2,740.0,407,701600.0,558317.92,435489.27,388446.07,68,2.1665,1070.0,1723.83,1.82,948.11,588.5,0.6207087656784492,West,Pacific,29516.0,0.018566201382301133,0.29760130098929394,0.0011180376744816367,0.3654627998373763,0.004201111261688576,0.2843203686136333,0.024596828838596017,no_majority,high,low
211902,258898,1992913941,I,33916,FL,US,Diagnostic Radiology,Y,42,9002.0,4164,1154449.0,885041.0,666024.69,626798.88,75,2.2932,159.95,277.25,2.16,128.24,73.99,0.5769199765429222,South,South Atlantic,23438.0,0.42789487157607303,0.2613277583411554,0.0,0.2864578888983701,0.011903746053417529,0.0008533151292772421,0.01156242000170663,no_majority,high,low
213188,321162,1558360966,I,92708,CA,US,General Surgery,Y,27,147.0,70,203450.0,118678.44,92536.87,92076.35,75,2.3015,1321.96,2906.43,2.1,1384.01,629.5,0.4548383878102728,West,Pacific,57416.0,0.00595652779712972,0.4459209976313223,0.0013062560958617807,0.17096279782638985,0.0013410895917514284,0.3411766754911523,0.030531559147276018,no_majority,high,low
213968,192666,1033214325,I,34691,FL,US,Medical Oncology,Y,32,4601.0,316,2722862.92,2609487.35,2044093.57,2044634.51,66,2.6952,6468.65,8616.65,14.56,591.8,444.27,0.7507148284938266,South,South Atlantic,20473.0,0.05050554388707078,0.7916768426708347,0.001611879060225663,0.13276022077858646,0.00029306892004102964,0.013432325501880523,0.009280515801299271,majority_white,high,low
